component,component_label,final_entropy,entropy_reduction_from_initial,final_infeasible_mass,infeasible_reduction_from_initial,final_expected_J,objective_reduction_from_initial,final_regret,mean_stability_tv,max_probability,entropy_reduction_vs_base,infeasible_reduction_vs_base,objective_reduction_vs_base
base_only,Base dynamics only,7.307637418860528,-0.09162012325287527,0.08752140403912519,0.20849730601287142,0.3884348582450275,0.09324977224740993,0.3265224971837756,0.003252686835752818,0.001468873883800243,0.0,0.0,0.0
projection_only,Projection only,6.887923485217577,0.3280938103900759,1.5239110417957352e-06,0.2960171861409548,0.3536758050028552,0.1280088254895822,0.25585189350591253,0.00660582006686705,0.002027822507920335,0.4197139336429512,0.08751988012808339,0.034759053242172266
shaping_only,Shaping only,3.355627354418825,3.860389941188828,0.0012835197855871681,0.29473519026640943,0.004277420097231433,0.477407210395206,0.006426069353095519,0.027123594344630773,0.07363325455544077,3.952010064441703,0.08623788425353802,0.38415743814779607
full_operator,Full LLM operator,3.3477779722586516,3.8682393233490013,0.00018767696787614532,0.29583103308412045,0.0034635454136401184,0.4782210850787973,0.005330930474208,0.028379250893770934,0.07372106096599287,3.9598594466018766,0.08733372707124903,0.38497131283138736
