model,final_expected_J,final_optimality_gap,final_regret,final_entropy,entropy_reduction,mean_stability_tv,final_infeasible_mass,time_to_gap_0_02,time_to_gap_0_05
Static recommender,0.011855135609553258,0.011855135609553258,0.0022763275345427177,3.9901288987707706,0.0,0.0,4.7140435516152943e-42,0.0,0.0
Greedy ML-only,0.001647103049581188,0.001647103049581188,0.0038787028279716283,2.833307688329233,4.38270960727842,0.015580092161344471,1.6346400157795036e-19,54.0,33.0
Variational flow,0.29156133800941897,0.29156133800941897,0.22053258183387653,7.358084554541668,-0.1420672589340155,0.0032666142260935017,0.02076881404524176,,
LLM-guided variational flow,0.004785585657952587,0.004785585657952587,0.011744280738717978,2.836420862146058,4.379596433461595,0.018150205565474385,0.00021308886010126888,60.0,39.0
